{
    "{LatitudeCM}_i": [
        23.0225,
        13.0843,
        22.565571,
        18.52076,
        23.252319
    ],
    "{LongitudeCM}_i": [
        72.5714,
        80.2705,
        88.370209,
        73.855408,
        77.431091
    ],
    "{LatitudeWarehouse}_j": [
        19.333111,
        12.97675,
        28.70406
    ],
    "{LongitudeWarehouse}_j": [
        73.111504,
        77.575279,
        77.102493
    ],
    "{LatitudeDistributor}_k": [
        27.167641,
        30.91317,
        17.361719,
        22.71867,
        26.92098,
        21.20351,
        22.42055,
        8.715
    ],
    "{LongitudeDistributor}_k": [
        78.035873,
        75.849541,
        78.475166,
        75.855713,
        75.79422,
        72.839233,
        73.16569,
        77.7656
    ],
    "{TransportationCost}": 6
}