{
    "{N}": 6,
    "{V}": 3,
    "{Capacity}_v": [
        50,
        60,
        55
    ],
    "{Demand}_c": [
        10,
        15,
        20,
        25,
        30,
        35
    ],
    "{StartTime}_c": [
        8.0,
        9.0,
        10.0,
        11.0,
        12.0,
        13.0
    ],
    "{EndTime}_c": [
        10.0,
        11.0,
        12.0,
        13.0,
        14.0,
        15.0
    ],
    "{Latitude}_c": [
        40.712776,
        40.73061,
        40.749825,
        40.758896,
        40.748817,
        40.741895
    ],
    "{Longitude}_c": [
        -74.005974,
        -73.935242,
        -73.987963,
        -73.98513,
        -73.985428,
        -73.989308
    ],
    "{ServiceTime}_c": [
        0.25,
        0.33,
        0.42,
        0.5,
        0.58,
        0.67
    ]
}